{
  "hash": "bcc5f29d",
  "configHash": "b5f2f54c",
  "lockfileHash": "e23a7c70",
  "browserHash": "7348d108",
  "optimized": {
    "@angular/core": {
      "src": "../../../../../../node_modules/@angular/core/fesm2022/core.mjs",
      "file": "@angular_core.js",
      "fileHash": "916aa018",
      "needsInterop": false
    },
    "@angular/platform-browser": {
      "src": "../../../../../../node_modules/@angular/platform-browser/fesm2022/platform-browser.mjs",
      "file": "@angular_platform-browser.js",
      "fileHash": "bebb137c",
      "needsInterop": false
    },
    "@angular/platform-server": {
      "src": "../../../../../../node_modules/@angular/platform-server/fesm2022/platform-server.mjs",
      "file": "@angular_platform-server.js",
      "fileHash": "52169a1b",
      "needsInterop": false
    },
    "@angular/router": {
      "src": "../../../../../../node_modules/@angular/router/fesm2022/router.mjs",
      "file": "@angular_router.js",
      "fileHash": "8e463b96",
      "needsInterop": false
    },
    "@angular/ssr": {
      "src": "../../../../../../node_modules/@angular/ssr/fesm2022/ssr.mjs",
      "file": "@angular_ssr.js",
      "fileHash": "7f372f68",
      "needsInterop": false
    },
    "@angular/ssr/node": {
      "src": "../../../../../../node_modules/@angular/ssr/fesm2022/node.mjs",
      "file": "@angular_ssr_node.js",
      "fileHash": "24cc5e98",
      "needsInterop": false
    },
    "express": {
      "src": "../../../../../../node_modules/express/index.js",
      "file": "express.js",
      "fileHash": "5dbbb4bc",
      "needsInterop": true
    }
  },
  "chunks": {
    "chunk-4LZXGZVL": {
      "file": "chunk-4LZXGZVL.js"
    },
    "chunk-K5GTCECW": {
      "file": "chunk-K5GTCECW.js"
    },
    "chunk-ESOH7D4D": {
      "file": "chunk-ESOH7D4D.js"
    },
    "chunk-SSJ6IITD": {
      "file": "chunk-SSJ6IITD.js"
    },
    "chunk-YWKVNC5O": {
      "file": "chunk-YWKVNC5O.js"
    },
    "xhr2-TXIMV6CV": {
      "file": "xhr2-TXIMV6CV.js"
    },
    "chunk-YHCV7DAQ": {
      "file": "chunk-YHCV7DAQ.js"
    }
  }
}