{
  "hash": "f1ea04f9",
  "configHash": "6f82c1fb",
  "lockfileHash": "e23a7c70",
  "browserHash": "8c196f78",
  "optimized": {
    "@angular/core": {
      "src": "../../../../../../node_modules/@angular/core/fesm2022/core.mjs",
      "file": "@angular_core.js",
      "fileHash": "a69ac809",
      "needsInterop": false
    },
    "@angular/platform-browser": {
      "src": "../../../../../../node_modules/@angular/platform-browser/fesm2022/platform-browser.mjs",
      "file": "@angular_platform-browser.js",
      "fileHash": "f34e8da7",
      "needsInterop": false
    },
    "@angular/router": {
      "src": "../../../../../../node_modules/@angular/router/fesm2022/router.mjs",
      "file": "@angular_router.js",
      "fileHash": "e00ebc93",
      "needsInterop": false
    }
  },
  "chunks": {
    "chunk-X3CGT5UL": {
      "file": "chunk-X3CGT5UL.js"
    },
    "chunk-LUHT2WFK": {
      "file": "chunk-LUHT2WFK.js"
    }
  }
}